USE [IMPRESS]
GO
SET IDENTITY_INSERT [dbo].[Units] ON 

INSERT [dbo].[Units] ([UnitID], [UnitName], [Affiliation]) VALUES (2000, N'7th Impress Infantry Battalion ', N'I.M.P.R.E.S.S')
INSERT [dbo].[Units] ([UnitID], [UnitName], [Affiliation]) VALUES (2001, N'34th Impress Tank Company', N'I.M.P.R.E.S.S')
INSERT [dbo].[Units] ([UnitID], [UnitName], [Affiliation]) VALUES (2002, N'5th Zone Support Group', N'I.M.P.R.E.S.S')
INSERT [dbo].[Units] ([UnitID], [UnitName], [Affiliation]) VALUES (2003, N'8th Zone Support Group', N'I.M.P.R.E.S.S')
INSERT [dbo].[Units] ([UnitID], [UnitName], [Affiliation]) VALUES (2004, N'Zone 1 police Department', N'I.M.P.R.E.S.S')
INSERT [dbo].[Units] ([UnitID], [UnitName], [Affiliation]) VALUES (2005, N'Zone 5 police Department', N'I.M.P.R.E.S.S')
INSERT [dbo].[Units] ([UnitID], [UnitName], [Affiliation]) VALUES (2006, N'zone 1 farming union', N'Farm Hand Aces')
INSERT [dbo].[Units] ([UnitID], [UnitName], [Affiliation]) VALUES (2007, N'99th aces Trading brigade', N'Farm Hand Aces ')
INSERT [dbo].[Units] ([UnitID], [UnitName], [Affiliation]) VALUES (2008, N'zone 5 ace Engineers ', N'Farm Hand Aces')
INSERT [dbo].[Units] ([UnitID], [UnitName], [Affiliation]) VALUES (2009, N'8th Gear Protection Group', N'Gear Corps')
INSERT [dbo].[Units] ([UnitID], [UnitName], [Affiliation]) VALUES (2010, N'56th Gear Strike Unit', N'Gear Corps')
INSERT [dbo].[Units] ([UnitID], [UnitName], [Affiliation]) VALUES (2011, N'6th Gear Protection Group', N'Gear Corps')
INSERT [dbo].[Units] ([UnitID], [UnitName], [Affiliation]) VALUES (2012, N'99th Gear retrieval Company', N'Gear Corps')
SET IDENTITY_INSERT [dbo].[Units] OFF
GO
SET IDENTITY_INSERT [dbo].[SafeHouses] ON 

INSERT [dbo].[SafeHouses] ([SafeHouseID], [SafeHouseName], [SafeHouseType], [SafeHouseDescription]) VALUES (8000, N'Safe House 1', N'CR', N'Refugee center')
INSERT [dbo].[SafeHouses] ([SafeHouseID], [SafeHouseName], [SafeHouseType], [SafeHouseDescription]) VALUES (8001, N'Safe House 2', N'CR', N'Stoping point')
INSERT [dbo].[SafeHouses] ([SafeHouseID], [SafeHouseName], [SafeHouseType], [SafeHouseDescription]) VALUES (8002, N'Safe House 3', N'GR', N'Surplus storage')
INSERT [dbo].[SafeHouses] ([SafeHouseID], [SafeHouseName], [SafeHouseType], [SafeHouseDescription]) VALUES (8003, N'Safe House 5', N'GR', N'Hospital')
INSERT [dbo].[SafeHouses] ([SafeHouseID], [SafeHouseName], [SafeHouseType], [SafeHouseDescription]) VALUES (8004, N'Safe House 6', N'GR', N'Military base')
INSERT [dbo].[SafeHouses] ([SafeHouseID], [SafeHouseName], [SafeHouseType], [SafeHouseDescription]) VALUES (8005, N'Safe House 7', N'CR', N'Hospital/water treatment')
SET IDENTITY_INSERT [dbo].[SafeHouses] OFF
GO
SET IDENTITY_INSERT [dbo].[LivingQuarters] ON 

INSERT [dbo].[LivingQuarters] ([QuarterID], [SafeHouseID]) VALUES (7000, 8000)
INSERT [dbo].[LivingQuarters] ([QuarterID], [SafeHouseID]) VALUES (7001, 8001)
INSERT [dbo].[LivingQuarters] ([QuarterID], [SafeHouseID]) VALUES (7002, 8002)
INSERT [dbo].[LivingQuarters] ([QuarterID], [SafeHouseID]) VALUES (7003, 8003)
INSERT [dbo].[LivingQuarters] ([QuarterID], [SafeHouseID]) VALUES (7004, 8004)
INSERT [dbo].[LivingQuarters] ([QuarterID], [SafeHouseID]) VALUES (7005, 8005)
INSERT [dbo].[LivingQuarters] ([QuarterID], [SafeHouseID]) VALUES (7006, 8001)
INSERT [dbo].[LivingQuarters] ([QuarterID], [SafeHouseID]) VALUES (7007, 8003)
INSERT [dbo].[LivingQuarters] ([QuarterID], [SafeHouseID]) VALUES (7008, 8002)
INSERT [dbo].[LivingQuarters] ([QuarterID], [SafeHouseID]) VALUES (7009, 8000)
INSERT [dbo].[LivingQuarters] ([QuarterID], [SafeHouseID]) VALUES (7010, 8004)
SET IDENTITY_INSERT [dbo].[LivingQuarters] OFF
GO
SET IDENTITY_INSERT [dbo].[Members] ON 

INSERT [dbo].[Members] ([MemberID], [MembersFirstName], [MembersLastName], [Gender], [DateJoined], [DateOfBirth], [DateOfDeath], [QuarterID]) VALUES (1001, N'Emmalee', N'Clay', N'F', CAST(N'2019-03-09' AS Date), CAST(N'1950-06-08' AS Date), CAST(N'2021-05-17' AS Date), 7010)
INSERT [dbo].[Members] ([MemberID], [MembersFirstName], [MembersLastName], [Gender], [DateJoined], [DateOfBirth], [DateOfDeath], [QuarterID]) VALUES (1002, N'Maya', N'Evans', N'F', CAST(N'2019-03-27' AS Date), CAST(N'1953-06-13' AS Date), NULL, 7006)
INSERT [dbo].[Members] ([MemberID], [MembersFirstName], [MembersLastName], [Gender], [DateJoined], [DateOfBirth], [DateOfDeath], [QuarterID]) VALUES (1003, N'Ean', N'Rodgers', N'M', CAST(N'2019-04-09' AS Date), CAST(N'1955-08-05' AS Date), NULL, 7003)
INSERT [dbo].[Members] ([MemberID], [MembersFirstName], [MembersLastName], [Gender], [DateJoined], [DateOfBirth], [DateOfDeath], [QuarterID]) VALUES (1004, N'Kamora', N'Zamora', N'M', CAST(N'2019-05-21' AS Date), CAST(N'1959-08-08' AS Date), NULL, 7007)
INSERT [dbo].[Members] ([MemberID], [MembersFirstName], [MembersLastName], [Gender], [DateJoined], [DateOfBirth], [DateOfDeath], [QuarterID]) VALUES (1005, N'Braylon', N'Mendez', N'M', CAST(N'2019-07-20' AS Date), CAST(N'1965-01-10' AS Date), NULL, 7003)
INSERT [dbo].[Members] ([MemberID], [MembersFirstName], [MembersLastName], [Gender], [DateJoined], [DateOfBirth], [DateOfDeath], [QuarterID]) VALUES (1006, N'Charlie', N'Boone', N'M', CAST(N'2019-07-22' AS Date), CAST(N'1970-02-07' AS Date), NULL, 7004)
INSERT [dbo].[Members] ([MemberID], [MembersFirstName], [MembersLastName], [Gender], [DateJoined], [DateOfBirth], [DateOfDeath], [QuarterID]) VALUES (1007, N'Immanuel', N'Oliver', N'F', CAST(N'2019-08-05' AS Date), CAST(N'1970-09-13' AS Date), NULL, 7005)
INSERT [dbo].[Members] ([MemberID], [MembersFirstName], [MembersLastName], [Gender], [DateJoined], [DateOfBirth], [DateOfDeath], [QuarterID]) VALUES (1008, N'Averie', N'Harrison', N'F', CAST(N'2019-12-09' AS Date), CAST(N'1975-07-29' AS Date), NULL, 7006)
INSERT [dbo].[Members] ([MemberID], [MembersFirstName], [MembersLastName], [Gender], [DateJoined], [DateOfBirth], [DateOfDeath], [QuarterID]) VALUES (1009, N'Teresa', N'Richard', N'F', CAST(N'2019-12-27' AS Date), CAST(N'1978-05-27' AS Date), NULL, 7001)
INSERT [dbo].[Members] ([MemberID], [MembersFirstName], [MembersLastName], [Gender], [DateJoined], [DateOfBirth], [DateOfDeath], [QuarterID]) VALUES (1010, N'Shyla', N'Mayo', N'F', CAST(N'2020-03-14' AS Date), CAST(N'1981-04-02' AS Date), NULL, 7010)
INSERT [dbo].[Members] ([MemberID], [MembersFirstName], [MembersLastName], [Gender], [DateJoined], [DateOfBirth], [DateOfDeath], [QuarterID]) VALUES (1011, N'Giana', N'Olsen', N'F', CAST(N'2020-05-29' AS Date), CAST(N'1982-06-04' AS Date), CAST(N'2020-10-16' AS Date), 7006)
INSERT [dbo].[Members] ([MemberID], [MembersFirstName], [MembersLastName], [Gender], [DateJoined], [DateOfBirth], [DateOfDeath], [QuarterID]) VALUES (1012, N'Bruce', N'Lester', N'M', CAST(N'2020-07-30' AS Date), CAST(N'1997-10-16' AS Date), NULL, 7001)
INSERT [dbo].[Members] ([MemberID], [MembersFirstName], [MembersLastName], [Gender], [DateJoined], [DateOfBirth], [DateOfDeath], [QuarterID]) VALUES (1013, N'King', N'Knapp', N'M', CAST(N'2020-09-14' AS Date), CAST(N'2001-12-23' AS Date), NULL, 7010)
INSERT [dbo].[Members] ([MemberID], [MembersFirstName], [MembersLastName], [Gender], [DateJoined], [DateOfBirth], [DateOfDeath], [QuarterID]) VALUES (1014, N'Carolyn', N'Myers', N'F', CAST(N'2020-09-17' AS Date), CAST(N'2002-10-14' AS Date), NULL, 7010)
INSERT [dbo].[Members] ([MemberID], [MembersFirstName], [MembersLastName], [Gender], [DateJoined], [DateOfBirth], [DateOfDeath], [QuarterID]) VALUES (1015, N'Emery', N'Reid', N'F', CAST(N'2020-09-27' AS Date), CAST(N'2003-10-09' AS Date), NULL, 7004)
INSERT [dbo].[Members] ([MemberID], [MembersFirstName], [MembersLastName], [Gender], [DateJoined], [DateOfBirth], [DateOfDeath], [QuarterID]) VALUES (1016, N'Shyla', N'Phillips', N'F', CAST(N'2020-09-28' AS Date), CAST(N'2006-10-27' AS Date), NULL, 7004)
INSERT [dbo].[Members] ([MemberID], [MembersFirstName], [MembersLastName], [Gender], [DateJoined], [DateOfBirth], [DateOfDeath], [QuarterID]) VALUES (1017, N'Sherlyn', N'Miller', N'M', CAST(N'2020-10-06' AS Date), CAST(N'2008-04-18' AS Date), NULL, 7004)
INSERT [dbo].[Members] ([MemberID], [MembersFirstName], [MembersLastName], [Gender], [DateJoined], [DateOfBirth], [DateOfDeath], [QuarterID]) VALUES (1018, N'Brooks', N'Roman', N'M', CAST(N'2020-11-19' AS Date), CAST(N'2011-09-11' AS Date), NULL, 7003)
INSERT [dbo].[Members] ([MemberID], [MembersFirstName], [MembersLastName], [Gender], [DateJoined], [DateOfBirth], [DateOfDeath], [QuarterID]) VALUES (1019, N'Julie', N'Alvarado', N'F', CAST(N'2021-01-14' AS Date), CAST(N'2012-02-11' AS Date), NULL, 7003)
INSERT [dbo].[Members] ([MemberID], [MembersFirstName], [MembersLastName], [Gender], [DateJoined], [DateOfBirth], [DateOfDeath], [QuarterID]) VALUES (1020, N'Finley', N'Dunn', N'F', CAST(N'2021-04-08' AS Date), CAST(N'2014-07-22' AS Date), NULL, 7005)
INSERT [dbo].[Members] ([MemberID], [MembersFirstName], [MembersLastName], [Gender], [DateJoined], [DateOfBirth], [DateOfDeath], [QuarterID]) VALUES (1021, N'Tristan', N'King', N'M', CAST(N'2021-04-12' AS Date), CAST(N'2017-01-08' AS Date), NULL, 7007)
INSERT [dbo].[Members] ([MemberID], [MembersFirstName], [MembersLastName], [Gender], [DateJoined], [DateOfBirth], [DateOfDeath], [QuarterID]) VALUES (1022, N'Moises', N'Webster', N'M', CAST(N'2021-07-13' AS Date), CAST(N'2018-02-08' AS Date), NULL, 7006)
INSERT [dbo].[Members] ([MemberID], [MembersFirstName], [MembersLastName], [Gender], [DateJoined], [DateOfBirth], [DateOfDeath], [QuarterID]) VALUES (1023, N'Julianna', N'Briggs', N'F', CAST(N'2021-07-25' AS Date), CAST(N'2018-07-11' AS Date), NULL, 7010)
INSERT [dbo].[Members] ([MemberID], [MembersFirstName], [MembersLastName], [Gender], [DateJoined], [DateOfBirth], [DateOfDeath], [QuarterID]) VALUES (1024, N'Tiffany', N'Rush', N'F', CAST(N'2021-10-16' AS Date), CAST(N'2020-12-20' AS Date), NULL, 7001)
INSERT [dbo].[Members] ([MemberID], [MembersFirstName], [MembersLastName], [Gender], [DateJoined], [DateOfBirth], [DateOfDeath], [QuarterID]) VALUES (1025, N'Quinn', N'Schmidt', N'M', CAST(N'2021-11-01' AS Date), CAST(N'2021-08-31' AS Date), NULL, 7003)
INSERT [dbo].[Members] ([MemberID], [MembersFirstName], [MembersLastName], [Gender], [DateJoined], [DateOfBirth], [DateOfDeath], [QuarterID]) VALUES (1026, N'Lewis', N'Frey', N'M', CAST(N'2019-02-21' AS Date), CAST(N'1950-07-12' AS Date), CAST(N'2020-12-07' AS Date), 7010)
INSERT [dbo].[Members] ([MemberID], [MembersFirstName], [MembersLastName], [Gender], [DateJoined], [DateOfBirth], [DateOfDeath], [QuarterID]) VALUES (1027, N'Donovan', N'Lester', N'M', CAST(N'2019-06-19' AS Date), CAST(N'1953-01-15' AS Date), NULL, 7007)
INSERT [dbo].[Members] ([MemberID], [MembersFirstName], [MembersLastName], [Gender], [DateJoined], [DateOfBirth], [DateOfDeath], [QuarterID]) VALUES (1029, N'Alisson', N'Potts', N'F', CAST(N'2019-07-13' AS Date), CAST(N'1960-01-12' AS Date), NULL, 7010)
INSERT [dbo].[Members] ([MemberID], [MembersFirstName], [MembersLastName], [Gender], [DateJoined], [DateOfBirth], [DateOfDeath], [QuarterID]) VALUES (1030, N'Elaina', N'Holden', N'F', CAST(N'2019-07-30' AS Date), CAST(N'1963-01-22' AS Date), NULL, 7006)
INSERT [dbo].[Members] ([MemberID], [MembersFirstName], [MembersLastName], [Gender], [DateJoined], [DateOfBirth], [DateOfDeath], [QuarterID]) VALUES (1031, N'Adam', N'Watts', N'M', CAST(N'2019-08-25' AS Date), CAST(N'1967-02-23' AS Date), NULL, 7006)
INSERT [dbo].[Members] ([MemberID], [MembersFirstName], [MembersLastName], [Gender], [DateJoined], [DateOfBirth], [DateOfDeath], [QuarterID]) VALUES (1032, N'Valery', N'Pierce', N'F', CAST(N'2019-09-08' AS Date), CAST(N'1967-08-27' AS Date), NULL, 7010)
INSERT [dbo].[Members] ([MemberID], [MembersFirstName], [MembersLastName], [Gender], [DateJoined], [DateOfBirth], [DateOfDeath], [QuarterID]) VALUES (1033, N'Iliana', N'Brooks', N'M', CAST(N'2019-11-10' AS Date), CAST(N'1972-09-29' AS Date), NULL, 7009)
INSERT [dbo].[Members] ([MemberID], [MembersFirstName], [MembersLastName], [Gender], [DateJoined], [DateOfBirth], [DateOfDeath], [QuarterID]) VALUES (1034, N'Abram', N'Copeland', N'M', CAST(N'2019-11-11' AS Date), CAST(N'1972-12-03' AS Date), NULL, 7003)
INSERT [dbo].[Members] ([MemberID], [MembersFirstName], [MembersLastName], [Gender], [DateJoined], [DateOfBirth], [DateOfDeath], [QuarterID]) VALUES (1036, N'Roland', N'Cowan', N'M', CAST(N'2020-01-02' AS Date), CAST(N'1982-11-28' AS Date), NULL, 7004)
INSERT [dbo].[Members] ([MemberID], [MembersFirstName], [MembersLastName], [Gender], [DateJoined], [DateOfBirth], [DateOfDeath], [QuarterID]) VALUES (1037, N'Kaylyn', N'Dawson', N'F', CAST(N'2020-03-10' AS Date), CAST(N'1983-01-17' AS Date), NULL, 7008)
INSERT [dbo].[Members] ([MemberID], [MembersFirstName], [MembersLastName], [Gender], [DateJoined], [DateOfBirth], [DateOfDeath], [QuarterID]) VALUES (1039, N'Issac', N'Shea', N'M', CAST(N'2020-04-01' AS Date), CAST(N'1991-08-25' AS Date), NULL, 7001)
INSERT [dbo].[Members] ([MemberID], [MembersFirstName], [MembersLastName], [Gender], [DateJoined], [DateOfBirth], [DateOfDeath], [QuarterID]) VALUES (1040, N'Britney', N'Dean', N'F', CAST(N'2020-04-24' AS Date), CAST(N'1997-01-08' AS Date), NULL, 7007)
INSERT [dbo].[Members] ([MemberID], [MembersFirstName], [MembersLastName], [Gender], [DateJoined], [DateOfBirth], [DateOfDeath], [QuarterID]) VALUES (1041, N'Leah', N'Mccarty', N'F', CAST(N'2020-07-10' AS Date), CAST(N'1997-04-12' AS Date), NULL, 7001)
INSERT [dbo].[Members] ([MemberID], [MembersFirstName], [MembersLastName], [Gender], [DateJoined], [DateOfBirth], [DateOfDeath], [QuarterID]) VALUES (1042, N'Georgia', N'Shaw', N'M', CAST(N'2020-08-29' AS Date), CAST(N'1998-08-21' AS Date), NULL, 7005)
INSERT [dbo].[Members] ([MemberID], [MembersFirstName], [MembersLastName], [Gender], [DateJoined], [DateOfBirth], [DateOfDeath], [QuarterID]) VALUES (1044, N'Brenda', N'Maynard', N'F', CAST(N'2021-02-03' AS Date), CAST(N'2002-10-04' AS Date), NULL, 7003)
INSERT [dbo].[Members] ([MemberID], [MembersFirstName], [MembersLastName], [Gender], [DateJoined], [DateOfBirth], [DateOfDeath], [QuarterID]) VALUES (1046, N'Fernanda', N'Hinton', N'F', CAST(N'2021-05-07' AS Date), CAST(N'2010-12-16' AS Date), NULL, 7008)
INSERT [dbo].[Members] ([MemberID], [MembersFirstName], [MembersLastName], [Gender], [DateJoined], [DateOfBirth], [DateOfDeath], [QuarterID]) VALUES (1047, N'Bradley', N'Patterson', N'M', CAST(N'2021-09-23' AS Date), CAST(N'2017-01-24' AS Date), NULL, 7005)
INSERT [dbo].[Members] ([MemberID], [MembersFirstName], [MembersLastName], [Gender], [DateJoined], [DateOfBirth], [DateOfDeath], [QuarterID]) VALUES (1048, N'Laci', N'Griffith', N'F', CAST(N'2021-10-05' AS Date), CAST(N'2020-04-14' AS Date), NULL, 7003)
INSERT [dbo].[Members] ([MemberID], [MembersFirstName], [MembersLastName], [Gender], [DateJoined], [DateOfBirth], [DateOfDeath], [QuarterID]) VALUES (1049, N'Valery', N'Bartlett', N'F', CAST(N'2021-10-07' AS Date), CAST(N'2021-04-20' AS Date), NULL, 7002)
INSERT [dbo].[Members] ([MemberID], [MembersFirstName], [MembersLastName], [Gender], [DateJoined], [DateOfBirth], [DateOfDeath], [QuarterID]) VALUES (1051, N'Taniya', N'Townsend', N'F', CAST(N'2019-04-09' AS Date), CAST(N'1971-03-19' AS Date), NULL, 7010)
INSERT [dbo].[Members] ([MemberID], [MembersFirstName], [MembersLastName], [Gender], [DateJoined], [DateOfBirth], [DateOfDeath], [QuarterID]) VALUES (1052, N'Aditya', N'Glenn', N'F', CAST(N'2019-05-18' AS Date), CAST(N'1974-06-17' AS Date), NULL, 7005)
INSERT [dbo].[Members] ([MemberID], [MembersFirstName], [MembersLastName], [Gender], [DateJoined], [DateOfBirth], [DateOfDeath], [QuarterID]) VALUES (1053, N'Easton', N'Navarro', N'M', CAST(N'2020-02-26' AS Date), CAST(N'1978-12-28' AS Date), CAST(N'2021-05-02' AS Date), 7002)
INSERT [dbo].[Members] ([MemberID], [MembersFirstName], [MembersLastName], [Gender], [DateJoined], [DateOfBirth], [DateOfDeath], [QuarterID]) VALUES (1054, N'Nigel', N'Wolf', N'M', CAST(N'2020-03-17' AS Date), CAST(N'1984-07-16' AS Date), NULL, 7009)
INSERT [dbo].[Members] ([MemberID], [MembersFirstName], [MembersLastName], [Gender], [DateJoined], [DateOfBirth], [DateOfDeath], [QuarterID]) VALUES (1055, N'Mckenzie', N'Beck', N'F', CAST(N'2020-05-20' AS Date), CAST(N'1986-10-03' AS Date), NULL, 7005)
INSERT [dbo].[Members] ([MemberID], [MembersFirstName], [MembersLastName], [Gender], [DateJoined], [DateOfBirth], [DateOfDeath], [QuarterID]) VALUES (1056, N'Isabelle', N'Suarez', N'F', CAST(N'2020-07-07' AS Date), CAST(N'1991-11-19' AS Date), NULL, 7009)
INSERT [dbo].[Members] ([MemberID], [MembersFirstName], [MembersLastName], [Gender], [DateJoined], [DateOfBirth], [DateOfDeath], [QuarterID]) VALUES (1057, N'Danny', N'Castaneda', N'M', CAST(N'2021-02-10' AS Date), CAST(N'2005-07-28' AS Date), NULL, 7003)
INSERT [dbo].[Members] ([MemberID], [MembersFirstName], [MembersLastName], [Gender], [DateJoined], [DateOfBirth], [DateOfDeath], [QuarterID]) VALUES (1058, N'Jayden', N'Mooney', N'M', CAST(N'2021-03-28' AS Date), CAST(N'2007-11-23' AS Date), NULL, 7002)
INSERT [dbo].[Members] ([MemberID], [MembersFirstName], [MembersLastName], [Gender], [DateJoined], [DateOfBirth], [DateOfDeath], [QuarterID]) VALUES (1059, N'Anaya', N'Roberts', N'F', CAST(N'2021-05-29' AS Date), CAST(N'2009-09-26' AS Date), NULL, 7003)
INSERT [dbo].[Members] ([MemberID], [MembersFirstName], [MembersLastName], [Gender], [DateJoined], [DateOfBirth], [DateOfDeath], [QuarterID]) VALUES (1060, N'Davon', N'Dalton', N'M', CAST(N'2021-08-13' AS Date), CAST(N'2018-10-31' AS Date), NULL, 7006)
SET IDENTITY_INSERT [dbo].[Members] OFF
GO
INSERT [dbo].[UnitsMembers] ([MemberID], [UnitID]) VALUES (1003, 2000)
INSERT [dbo].[UnitsMembers] ([MemberID], [UnitID]) VALUES (1005, 2002)
INSERT [dbo].[UnitsMembers] ([MemberID], [UnitID]) VALUES (1006, 2004)
INSERT [dbo].[UnitsMembers] ([MemberID], [UnitID]) VALUES (1007, 2003)
INSERT [dbo].[UnitsMembers] ([MemberID], [UnitID]) VALUES (1009, 2001)
INSERT [dbo].[UnitsMembers] ([MemberID], [UnitID]) VALUES (1012, 2005)
INSERT [dbo].[UnitsMembers] ([MemberID], [UnitID]) VALUES (1015, 2000)
INSERT [dbo].[UnitsMembers] ([MemberID], [UnitID]) VALUES (1016, 2002)
INSERT [dbo].[UnitsMembers] ([MemberID], [UnitID]) VALUES (1017, 2004)
INSERT [dbo].[UnitsMembers] ([MemberID], [UnitID]) VALUES (1018, 2003)
INSERT [dbo].[UnitsMembers] ([MemberID], [UnitID]) VALUES (1019, 2001)
INSERT [dbo].[UnitsMembers] ([MemberID], [UnitID]) VALUES (1020, 2005)
INSERT [dbo].[UnitsMembers] ([MemberID], [UnitID]) VALUES (1024, 2000)
INSERT [dbo].[UnitsMembers] ([MemberID], [UnitID]) VALUES (1025, 2002)
INSERT [dbo].[UnitsMembers] ([MemberID], [UnitID]) VALUES (1034, 2004)
INSERT [dbo].[UnitsMembers] ([MemberID], [UnitID]) VALUES (1036, 2003)
INSERT [dbo].[UnitsMembers] ([MemberID], [UnitID]) VALUES (1039, 2001)
INSERT [dbo].[UnitsMembers] ([MemberID], [UnitID]) VALUES (1041, 2005)
INSERT [dbo].[UnitsMembers] ([MemberID], [UnitID]) VALUES (1042, 2000)
INSERT [dbo].[UnitsMembers] ([MemberID], [UnitID]) VALUES (1044, 2002)
INSERT [dbo].[UnitsMembers] ([MemberID], [UnitID]) VALUES (1047, 2004)
INSERT [dbo].[UnitsMembers] ([MemberID], [UnitID]) VALUES (1048, 2003)
INSERT [dbo].[UnitsMembers] ([MemberID], [UnitID]) VALUES (1049, 2001)
INSERT [dbo].[UnitsMembers] ([MemberID], [UnitID]) VALUES (1052, 2005)
INSERT [dbo].[UnitsMembers] ([MemberID], [UnitID]) VALUES (1053, 2000)
INSERT [dbo].[UnitsMembers] ([MemberID], [UnitID]) VALUES (1055, 2002)
INSERT [dbo].[UnitsMembers] ([MemberID], [UnitID]) VALUES (1057, 2004)
INSERT [dbo].[UnitsMembers] ([MemberID], [UnitID]) VALUES (1058, 2003)
INSERT [dbo].[UnitsMembers] ([MemberID], [UnitID]) VALUES (1059, 2001)
GO
SET IDENTITY_INSERT [dbo].[Raid] ON 

INSERT [dbo].[Raid] ([RaidID], [RaidStartDate], [RaidEndDate], [UnitID]) VALUES (5001, CAST(N'2021-02-04' AS Date), CAST(N'2021-05-16' AS Date), 2001)
INSERT [dbo].[Raid] ([RaidID], [RaidStartDate], [RaidEndDate], [UnitID]) VALUES (5002, CAST(N'2021-02-01' AS Date), CAST(N'2021-05-25' AS Date), 2002)
INSERT [dbo].[Raid] ([RaidID], [RaidStartDate], [RaidEndDate], [UnitID]) VALUES (5003, CAST(N'2021-01-12' AS Date), CAST(N'2021-05-13' AS Date), 2002)
INSERT [dbo].[Raid] ([RaidID], [RaidStartDate], [RaidEndDate], [UnitID]) VALUES (5004, CAST(N'2021-03-11' AS Date), CAST(N'2021-05-17' AS Date), 2002)
INSERT [dbo].[Raid] ([RaidID], [RaidStartDate], [RaidEndDate], [UnitID]) VALUES (5005, CAST(N'2021-01-27' AS Date), CAST(N'2021-05-15' AS Date), 2008)
INSERT [dbo].[Raid] ([RaidID], [RaidStartDate], [RaidEndDate], [UnitID]) VALUES (5006, CAST(N'2021-02-24' AS Date), CAST(N'2021-05-02' AS Date), 2009)
INSERT [dbo].[Raid] ([RaidID], [RaidStartDate], [RaidEndDate], [UnitID]) VALUES (5007, CAST(N'2021-03-21' AS Date), CAST(N'2021-06-26' AS Date), 2002)
INSERT [dbo].[Raid] ([RaidID], [RaidStartDate], [RaidEndDate], [UnitID]) VALUES (5008, CAST(N'2021-02-21' AS Date), CAST(N'2021-06-05' AS Date), 2001)
INSERT [dbo].[Raid] ([RaidID], [RaidStartDate], [RaidEndDate], [UnitID]) VALUES (5009, CAST(N'2021-01-28' AS Date), CAST(N'2021-06-28' AS Date), 2008)
INSERT [dbo].[Raid] ([RaidID], [RaidStartDate], [RaidEndDate], [UnitID]) VALUES (5011, CAST(N'2021-03-10' AS Date), CAST(N'2021-05-14' AS Date), 2002)
INSERT [dbo].[Raid] ([RaidID], [RaidStartDate], [RaidEndDate], [UnitID]) VALUES (5012, CAST(N'2021-01-29' AS Date), CAST(N'2021-05-08' AS Date), 2012)
INSERT [dbo].[Raid] ([RaidID], [RaidStartDate], [RaidEndDate], [UnitID]) VALUES (5013, CAST(N'2021-03-06' AS Date), CAST(N'2021-06-07' AS Date), 2002)
INSERT [dbo].[Raid] ([RaidID], [RaidStartDate], [RaidEndDate], [UnitID]) VALUES (5015, CAST(N'2021-03-29' AS Date), CAST(N'2021-06-08' AS Date), 2006)
INSERT [dbo].[Raid] ([RaidID], [RaidStartDate], [RaidEndDate], [UnitID]) VALUES (5016, CAST(N'2021-03-15' AS Date), CAST(N'2021-06-28' AS Date), 2008)
INSERT [dbo].[Raid] ([RaidID], [RaidStartDate], [RaidEndDate], [UnitID]) VALUES (5018, CAST(N'2021-04-15' AS Date), CAST(N'2021-05-14' AS Date), 2010)
SET IDENTITY_INSERT [dbo].[Raid] OFF
GO
SET IDENTITY_INSERT [dbo].[Hostile] ON 

INSERT [dbo].[Hostile] ([HostileID], [HostileName], [HostileThreatLevel], [HostileDescription]) VALUES (3000, N'Road Rats', 3, N'Active,')
INSERT [dbo].[Hostile] ([HostileID], [HostileName], [HostileThreatLevel], [HostileDescription]) VALUES (3001, N'The New Land Order', 5, N'active')
INSERT [dbo].[Hostile] ([HostileID], [HostileName], [HostileThreatLevel], [HostileDescription]) VALUES (3002, N'Isolation Court of the Pure', 1, N'Active')
INSERT [dbo].[Hostile] ([HostileID], [HostileName], [HostileThreatLevel], [HostileDescription]) VALUES (3003, N'Southren Bandits', 1, N'Inactive')
INSERT [dbo].[Hostile] ([HostileID], [HostileName], [HostileThreatLevel], [HostileDescription]) VALUES (3004, N'Northren Bandits', 3, N'Inactive.')
SET IDENTITY_INSERT [dbo].[Hostile] OFF
GO
SET IDENTITY_INSERT [dbo].[Locations] ON 

INSERT [dbo].[Locations] ([LocationID], [HostileID], [LocationType], [LocationName], [LocationStreet], [LocationCityState]) VALUES (1, 3001, N'Contested', N'Saint Augusta', N'21967 MN-15', N'MN')
INSERT [dbo].[Locations] ([LocationID], [HostileID], [LocationType], [LocationName], [LocationStreet], [LocationCityState]) VALUES (2, NULL, N'Secured', N'Minneapolis', N'500 South St Minneapolis', N'MN')
INSERT [dbo].[Locations] ([LocationID], [HostileID], [LocationType], [LocationName], [LocationStreet], [LocationCityState]) VALUES (3, 3002, N'Allied/Contested', N'Bemidji', N'1500 Birchmont DR', N'MN')
INSERT [dbo].[Locations] ([LocationID], [HostileID], [LocationType], [LocationName], [LocationStreet], [LocationCityState]) VALUES (4, 3002, N'Enemy', N'Taylors Falls', N'648 West St', N'MN')
INSERT [dbo].[Locations] ([LocationID], [HostileID], [LocationType], [LocationName], [LocationStreet], [LocationCityState]) VALUES (5, 3000, N'Enemy', N'Moorhead', N'3000 27th', N'MN')
INSERT [dbo].[Locations] ([LocationID], [HostileID], [LocationType], [LocationName], [LocationStreet], [LocationCityState]) VALUES (6, NULL, N'Allied/Secured', N'Mankato', N'228, Wiecking Center', N'MN')
INSERT [dbo].[Locations] ([LocationID], [HostileID], [LocationType], [LocationName], [LocationStreet], [LocationCityState]) VALUES (7, NULL, N'Secured', N'Zumbrota', N'705 Mill Street', N'MN')
SET IDENTITY_INSERT [dbo].[Locations] OFF
GO
INSERT [dbo].[UnitLocations] ([LocationID], [UnitID]) VALUES (1, 2000)
INSERT [dbo].[UnitLocations] ([LocationID], [UnitID]) VALUES (2, 2002)
INSERT [dbo].[UnitLocations] ([LocationID], [UnitID]) VALUES (1, 2004)
INSERT [dbo].[UnitLocations] ([LocationID], [UnitID]) VALUES (1, 2003)
INSERT [dbo].[UnitLocations] ([LocationID], [UnitID]) VALUES (2, 2001)
INSERT [dbo].[UnitLocations] ([LocationID], [UnitID]) VALUES (7, 2005)
INSERT [dbo].[UnitLocations] ([LocationID], [UnitID]) VALUES (7, 2000)
INSERT [dbo].[UnitLocations] ([LocationID], [UnitID]) VALUES (3, 2008)
INSERT [dbo].[UnitLocations] ([LocationID], [UnitID]) VALUES (3, 2006)
INSERT [dbo].[UnitLocations] ([LocationID], [UnitID]) VALUES (3, 2007)
INSERT [dbo].[UnitLocations] ([LocationID], [UnitID]) VALUES (6, 2009)
INSERT [dbo].[UnitLocations] ([LocationID], [UnitID]) VALUES (6, 2010)
INSERT [dbo].[UnitLocations] ([LocationID], [UnitID]) VALUES (6, 2011)
INSERT [dbo].[UnitLocations] ([LocationID], [UnitID]) VALUES (6, 2012)
GO
SET IDENTITY_INSERT [dbo].[Inventory] ON 

INSERT [dbo].[Inventory] ([ItemID], [ItemDescription], [ItemType], [Quantity], [EquivalentValue], [SafeHouseID]) VALUES (10000, N'LED Headlamp', N'Equipment', 20, 3, 8002)
INSERT [dbo].[Inventory] ([ItemID], [ItemDescription], [ItemType], [Quantity], [EquivalentValue], [SafeHouseID]) VALUES (10001, N'LED Flashlight', N'Equipment', 15, 5, 8002)
INSERT [dbo].[Inventory] ([ItemID], [ItemDescription], [ItemType], [Quantity], [EquivalentValue], [SafeHouseID]) VALUES (10002, N'Stainless Steel Canteen', N'Water Storage', 33, 4, 8001)
INSERT [dbo].[Inventory] ([ItemID], [ItemDescription], [ItemType], [Quantity], [EquivalentValue], [SafeHouseID]) VALUES (10003, N'Plastic Canteen', N'Water Storage', 22, 2, 8001)
INSERT [dbo].[Inventory] ([ItemID], [ItemDescription], [ItemType], [Quantity], [EquivalentValue], [SafeHouseID]) VALUES (10004, N'Wooden Frame Bunkbeds', N'Furniture', 45, 40, 8002)
INSERT [dbo].[Inventory] ([ItemID], [ItemDescription], [ItemType], [Quantity], [EquivalentValue], [SafeHouseID]) VALUES (10005, N'Aluminum Frame Bunkbeds', N'Furniture', 15, 50, 8001)
INSERT [dbo].[Inventory] ([ItemID], [ItemDescription], [ItemType], [Quantity], [EquivalentValue], [SafeHouseID]) VALUES (10006, N'Pillow', N'Bedding', 55, 5, 8005)
INSERT [dbo].[Inventory] ([ItemID], [ItemDescription], [ItemType], [Quantity], [EquivalentValue], [SafeHouseID]) VALUES (10007, N'Twin Mattress', N'Bedding', 55, 23, 8002)
INSERT [dbo].[Inventory] ([ItemID], [ItemDescription], [ItemType], [Quantity], [EquivalentValue], [SafeHouseID]) VALUES (10008, N'Camping Cot', N'Furniture', 31, 10, 8001)
INSERT [dbo].[Inventory] ([ItemID], [ItemDescription], [ItemType], [Quantity], [EquivalentValue], [SafeHouseID]) VALUES (10009, N'Metal Folding Chair', N'Furniture', 23, 3, 8004)
INSERT [dbo].[Inventory] ([ItemID], [ItemDescription], [ItemType], [Quantity], [EquivalentValue], [SafeHouseID]) VALUES (10010, N'Blanket', N'Bedding', 40, 3, 8003)
INSERT [dbo].[Inventory] ([ItemID], [ItemDescription], [ItemType], [Quantity], [EquivalentValue], [SafeHouseID]) VALUES (10011, N'Twin Mattress Sheets', N'Bedding', 42, 2, 8001)
INSERT [dbo].[Inventory] ([ItemID], [ItemDescription], [ItemType], [Quantity], [EquivalentValue], [SafeHouseID]) VALUES (10012, N'Nail Clippers', N'Equipment', 11, 1, 8002)
INSERT [dbo].[Inventory] ([ItemID], [ItemDescription], [ItemType], [Quantity], [EquivalentValue], [SafeHouseID]) VALUES (10013, N'Tarp 10'' x 10''', N'Equipment', 14, 7, 8003)
INSERT [dbo].[Inventory] ([ItemID], [ItemDescription], [ItemType], [Quantity], [EquivalentValue], [SafeHouseID]) VALUES (10014, N'Tarp 30'' x 50''', N'Equipment', 7, 20, 8004)
INSERT [dbo].[Inventory] ([ItemID], [ItemDescription], [ItemType], [Quantity], [EquivalentValue], [SafeHouseID]) VALUES (10015, N'Tarp 40'' x 60''', N'Equipment', 2, 28, 8002)
INSERT [dbo].[Inventory] ([ItemID], [ItemDescription], [ItemType], [Quantity], [EquivalentValue], [SafeHouseID]) VALUES (10016, N'Tarp 100'' x 100''', N'Equipment', 1, 56, 8002)
INSERT [dbo].[Inventory] ([ItemID], [ItemDescription], [ItemType], [Quantity], [EquivalentValue], [SafeHouseID]) VALUES (10017, N'Swiss Army Knife Multitool', N'Tools', 16, 6, 8002)
INSERT [dbo].[Inventory] ([ItemID], [ItemDescription], [ItemType], [Quantity], [EquivalentValue], [SafeHouseID]) VALUES (10018, N'Two-Way Walkie Talkie Radio', N'Electronics', 8, 20, 8002)
INSERT [dbo].[Inventory] ([ItemID], [ItemDescription], [ItemType], [Quantity], [EquivalentValue], [SafeHouseID]) VALUES (10019, N'Waterproof Poncho', N'Clothing', 22, 1, 8002)
INSERT [dbo].[Inventory] ([ItemID], [ItemDescription], [ItemType], [Quantity], [EquivalentValue], [SafeHouseID]) VALUES (10020, N'Waterproof Overalls', N'Clothing', 18, 10, 8004)
INSERT [dbo].[Inventory] ([ItemID], [ItemDescription], [ItemType], [Quantity], [EquivalentValue], [SafeHouseID]) VALUES (10021, N'Pocket Knife', N'Tools', 10, 6, 8001)
INSERT [dbo].[Inventory] ([ItemID], [ItemDescription], [ItemType], [Quantity], [EquivalentValue], [SafeHouseID]) VALUES (10022, N'Zippo Refillable Lighter', N'Tools', 14, 2, 8004)
INSERT [dbo].[Inventory] ([ItemID], [ItemDescription], [ItemType], [Quantity], [EquivalentValue], [SafeHouseID]) VALUES (10023, N'Jumper Cables', N'Tools', 20, 4, 8005)
INSERT [dbo].[Inventory] ([ItemID], [ItemDescription], [ItemType], [Quantity], [EquivalentValue], [SafeHouseID]) VALUES (10024, N'Tow Straps', N'Automotive', 12, 6, NULL)
INSERT [dbo].[Inventory] ([ItemID], [ItemDescription], [ItemType], [Quantity], [EquivalentValue], [SafeHouseID]) VALUES (10025, N'Ratchet Straps', N'Tools', 66, 2, NULL)
INSERT [dbo].[Inventory] ([ItemID], [ItemDescription], [ItemType], [Quantity], [EquivalentValue], [SafeHouseID]) VALUES (10026, N'Bungie Straps', N'Tools', 110, 1, NULL)
INSERT [dbo].[Inventory] ([ItemID], [ItemDescription], [ItemType], [Quantity], [EquivalentValue], [SafeHouseID]) VALUES (10027, N'Windshield Scraper', N'Automotive', 35, 2, NULL)
INSERT [dbo].[Inventory] ([ItemID], [ItemDescription], [ItemType], [Quantity], [EquivalentValue], [SafeHouseID]) VALUES (10028, N'Traction Boards', N'Automotive', 40, 10, 8005)
INSERT [dbo].[Inventory] ([ItemID], [ItemDescription], [ItemType], [Quantity], [EquivalentValue], [SafeHouseID]) VALUES (10029, N'Mini Shovel', N'Tools', 25, 4, 8004)
INSERT [dbo].[Inventory] ([ItemID], [ItemDescription], [ItemType], [Quantity], [EquivalentValue], [SafeHouseID]) VALUES (10030, N'Full Shovel', N'Tools', 18, 6, 8003)
INSERT [dbo].[Inventory] ([ItemID], [ItemDescription], [ItemType], [Quantity], [EquivalentValue], [SafeHouseID]) VALUES (10031, N'Tire Wrench', N'Automotive', 7, 3, 8002)
INSERT [dbo].[Inventory] ([ItemID], [ItemDescription], [ItemType], [Quantity], [EquivalentValue], [SafeHouseID]) VALUES (10032, N'Car Jack', N'Automotive', 18, 20, 8001)
INSERT [dbo].[Inventory] ([ItemID], [ItemDescription], [ItemType], [Quantity], [EquivalentValue], [SafeHouseID]) VALUES (10033, N'Honda Accord', N'Vehicles', 5, 3400, 8002)
INSERT [dbo].[Inventory] ([ItemID], [ItemDescription], [ItemType], [Quantity], [EquivalentValue], [SafeHouseID]) VALUES (10034, N'Honda Civic', N'Vehicles', 2, 3000, 8001)
INSERT [dbo].[Inventory] ([ItemID], [ItemDescription], [ItemType], [Quantity], [EquivalentValue], [SafeHouseID]) VALUES (10035, N'Toyota Camry', N'Vehicles', 10, 4400, 8003)
INSERT [dbo].[Inventory] ([ItemID], [ItemDescription], [ItemType], [Quantity], [EquivalentValue], [SafeHouseID]) VALUES (10036, N'Toyota Corolla', N'Vehicles', 10, 3400, 8005)
INSERT [dbo].[Inventory] ([ItemID], [ItemDescription], [ItemType], [Quantity], [EquivalentValue], [SafeHouseID]) VALUES (10037, N'Ford Taurus', N'Vehicles', 7, 3600, 8002)
INSERT [dbo].[Inventory] ([ItemID], [ItemDescription], [ItemType], [Quantity], [EquivalentValue], [SafeHouseID]) VALUES (10038, N'Ford Fiesta', N'Vehicles', 3, 3200, 8001)
INSERT [dbo].[Inventory] ([ItemID], [ItemDescription], [ItemType], [Quantity], [EquivalentValue], [SafeHouseID]) VALUES (10039, N'Chevrolet Cruze', N'Vehicles', 8, 3800, 8005)
INSERT [dbo].[Inventory] ([ItemID], [ItemDescription], [ItemType], [Quantity], [EquivalentValue], [SafeHouseID]) VALUES (10040, N'Chevrolet Impala', N'Vehicles', 1, 5000, 8003)
INSERT [dbo].[Inventory] ([ItemID], [ItemDescription], [ItemType], [Quantity], [EquivalentValue], [SafeHouseID]) VALUES (10041, N'Dodge Dart', N'Vehicles', 0, 2600, NULL)
INSERT [dbo].[Inventory] ([ItemID], [ItemDescription], [ItemType], [Quantity], [EquivalentValue], [SafeHouseID]) VALUES (10042, N'Toyota Prius', N'Vehicles', 5, 4800, 8002)
INSERT [dbo].[Inventory] ([ItemID], [ItemDescription], [ItemType], [Quantity], [EquivalentValue], [SafeHouseID]) VALUES (10043, N'Chevrolet Silverado', N'Vehicles', 4, 7000, 8001)
INSERT [dbo].[Inventory] ([ItemID], [ItemDescription], [ItemType], [Quantity], [EquivalentValue], [SafeHouseID]) VALUES (10044, N'Chevrolet Equinox', N'Vehicles', 17, 4200, 8005)
INSERT [dbo].[Inventory] ([ItemID], [ItemDescription], [ItemType], [Quantity], [EquivalentValue], [SafeHouseID]) VALUES (10045, N'Chevrolet Traverse', N'Vehicles', 1, 5200, 8003)
INSERT [dbo].[Inventory] ([ItemID], [ItemDescription], [ItemType], [Quantity], [EquivalentValue], [SafeHouseID]) VALUES (10046, N'Ford Explorer', N'Vehicles', 11, 5800, 8003)
INSERT [dbo].[Inventory] ([ItemID], [ItemDescription], [ItemType], [Quantity], [EquivalentValue], [SafeHouseID]) VALUES (10047, N'Ford Escape', N'Vehicles', 4, 3800, 8003)
INSERT [dbo].[Inventory] ([ItemID], [ItemDescription], [ItemType], [Quantity], [EquivalentValue], [SafeHouseID]) VALUES (10048, N'Toyota RAV4', N'Vehicles', 1, 5200, 8005)
INSERT [dbo].[Inventory] ([ItemID], [ItemDescription], [ItemType], [Quantity], [EquivalentValue], [SafeHouseID]) VALUES (10049, N'Toyota 4Runner', N'Vehicles', 5, 8200, 8001)
INSERT [dbo].[Inventory] ([ItemID], [ItemDescription], [ItemType], [Quantity], [EquivalentValue], [SafeHouseID]) VALUES (10050, N'Toyota Tacoma', N'Vehicles', 2, 7000, 8002)
INSERT [dbo].[Inventory] ([ItemID], [ItemDescription], [ItemType], [Quantity], [EquivalentValue], [SafeHouseID]) VALUES (10051, N'Toyota Tundra', N'Vehicles', 0, 9200, NULL)
INSERT [dbo].[Inventory] ([ItemID], [ItemDescription], [ItemType], [Quantity], [EquivalentValue], [SafeHouseID]) VALUES (10052, N'Honda Pilot', N'Vehicles', 9, 5600, 8001)
INSERT [dbo].[Inventory] ([ItemID], [ItemDescription], [ItemType], [Quantity], [EquivalentValue], [SafeHouseID]) VALUES (10053, N'Honda Ridgeline', N'Vehicles', 1, 6400, 8003)
INSERT [dbo].[Inventory] ([ItemID], [ItemDescription], [ItemType], [Quantity], [EquivalentValue], [SafeHouseID]) VALUES (10054, N'Ford F150', N'Vehicles', 7, 6600, 8004)
INSERT [dbo].[Inventory] ([ItemID], [ItemDescription], [ItemType], [Quantity], [EquivalentValue], [SafeHouseID]) VALUES (10055, N'Ford F250', N'Vehicles', 1, 10400, 8002)
INSERT [dbo].[Inventory] ([ItemID], [ItemDescription], [ItemType], [Quantity], [EquivalentValue], [SafeHouseID]) VALUES (10056, N'Tesla Model 3', N'Vehicles', 1, 10400, 8002)
INSERT [dbo].[Inventory] ([ItemID], [ItemDescription], [ItemType], [Quantity], [EquivalentValue], [SafeHouseID]) VALUES (10057, N'Tesla Model Y', N'Vehicles', 0, 12800, NULL)
INSERT [dbo].[Inventory] ([ItemID], [ItemDescription], [ItemType], [Quantity], [EquivalentValue], [SafeHouseID]) VALUES (10058, N'Tesla Model S', N'Vehicles', 0, 17000, NULL)
INSERT [dbo].[Inventory] ([ItemID], [ItemDescription], [ItemType], [Quantity], [EquivalentValue], [SafeHouseID]) VALUES (10059, N'Tesla Model X', N'Vehicles', 1, 15600, 8001)
INSERT [dbo].[Inventory] ([ItemID], [ItemDescription], [ItemType], [Quantity], [EquivalentValue], [SafeHouseID]) VALUES (10060, N'Tesla Cybertruck', N'Vehicles', 0, 14000, NULL)
INSERT [dbo].[Inventory] ([ItemID], [ItemDescription], [ItemType], [Quantity], [EquivalentValue], [SafeHouseID]) VALUES (10061, N'Kia Soul', N'Vehicles', 0, 3800, NULL)
INSERT [dbo].[Inventory] ([ItemID], [ItemDescription], [ItemType], [Quantity], [EquivalentValue], [SafeHouseID]) VALUES (10062, N'Kia Telluride', N'Vehicles', 4, 8400, 8003)
INSERT [dbo].[Inventory] ([ItemID], [ItemDescription], [ItemType], [Quantity], [EquivalentValue], [SafeHouseID]) VALUES (10063, N'Sedan Tires', N'Automotive', 40, 12, 8002)
INSERT [dbo].[Inventory] ([ItemID], [ItemDescription], [ItemType], [Quantity], [EquivalentValue], [SafeHouseID]) VALUES (10064, N'Crossover Tires', N'Automotive', 20, 25, 8002)
INSERT [dbo].[Inventory] ([ItemID], [ItemDescription], [ItemType], [Quantity], [EquivalentValue], [SafeHouseID]) VALUES (10065, N'Truck Tires', N'Automotive', 12, 37, 8002)
INSERT [dbo].[Inventory] ([ItemID], [ItemDescription], [ItemType], [Quantity], [EquivalentValue], [SafeHouseID]) VALUES (10066, N'2-person Pop-up Tent', N'Equipment', 22, 8, 8002)
INSERT [dbo].[Inventory] ([ItemID], [ItemDescription], [ItemType], [Quantity], [EquivalentValue], [SafeHouseID]) VALUES (10067, N'4-person Pop-up Tent', N'Equipment', 4, 22, 8001)
INSERT [dbo].[Inventory] ([ItemID], [ItemDescription], [ItemType], [Quantity], [EquivalentValue], [SafeHouseID]) VALUES (10068, N'Emergency Foil Blanket', N'Equipment', 60, 1, 8001)
INSERT [dbo].[Inventory] ([ItemID], [ItemDescription], [ItemType], [Quantity], [EquivalentValue], [SafeHouseID]) VALUES (10069, N'Sleeping Bag', N'Equipment', 33, 8, 8002)
INSERT [dbo].[Inventory] ([ItemID], [ItemDescription], [ItemType], [Quantity], [EquivalentValue], [SafeHouseID]) VALUES (10070, N'Propane Lantern', N'Equipment', 30, 8, 8002)
INSERT [dbo].[Inventory] ([ItemID], [ItemDescription], [ItemType], [Quantity], [EquivalentValue], [SafeHouseID]) VALUES (10071, N'Propane Sunflower Heater', N'Equipment', 2, 14, 8002)
INSERT [dbo].[Inventory] ([ItemID], [ItemDescription], [ItemType], [Quantity], [EquivalentValue], [SafeHouseID]) VALUES (10072, N'Crank-powered Emergency Radio', N'Electronics', 14, 5, 8002)
INSERT [dbo].[Inventory] ([ItemID], [ItemDescription], [ItemType], [Quantity], [EquivalentValue], [SafeHouseID]) VALUES (10073, N'Metric Monkey Wrench Set', N'Tools', 5, 8, 8001)
INSERT [dbo].[Inventory] ([ItemID], [ItemDescription], [ItemType], [Quantity], [EquivalentValue], [SafeHouseID]) VALUES (10074, N'Imperial Monkey Wrench Set', N'Tools', 5, 8, 8003)
INSERT [dbo].[Inventory] ([ItemID], [ItemDescription], [ItemType], [Quantity], [EquivalentValue], [SafeHouseID]) VALUES (10075, N'Axe', N'Tools', 11, 7, 8001)
INSERT [dbo].[Inventory] ([ItemID], [ItemDescription], [ItemType], [Quantity], [EquivalentValue], [SafeHouseID]) VALUES (10076, N'Prybar', N'Tools', 6, 4, 8002)
INSERT [dbo].[Inventory] ([ItemID], [ItemDescription], [ItemType], [Quantity], [EquivalentValue], [SafeHouseID]) VALUES (10077, N'Hacksaw', N'Tools', 8, 3, 8003)
INSERT [dbo].[Inventory] ([ItemID], [ItemDescription], [ItemType], [Quantity], [EquivalentValue], [SafeHouseID]) VALUES (10078, N'Framing Hammer', N'Tools', 4, 4, 8004)
INSERT [dbo].[Inventory] ([ItemID], [ItemDescription], [ItemType], [Quantity], [EquivalentValue], [SafeHouseID]) VALUES (10079, N'Hand saw', N'Tools', 1, 3, 8001)
INSERT [dbo].[Inventory] ([ItemID], [ItemDescription], [ItemType], [Quantity], [EquivalentValue], [SafeHouseID]) VALUES (10080, N'Vise Grip', N'Tools', 20, 2, 8002)
INSERT [dbo].[Inventory] ([ItemID], [ItemDescription], [ItemType], [Quantity], [EquivalentValue], [SafeHouseID]) VALUES (10081, N'Saw-horse', N'Tools', 5, 12, 8003)
INSERT [dbo].[Inventory] ([ItemID], [ItemDescription], [ItemType], [Quantity], [EquivalentValue], [SafeHouseID]) VALUES (10082, N'Phillips Screwdriver Set', N'Tools', 4, 4, 8004)
INSERT [dbo].[Inventory] ([ItemID], [ItemDescription], [ItemType], [Quantity], [EquivalentValue], [SafeHouseID]) VALUES (10083, N'Flathead Screwdriver Set', N'Tools', 4, 4, 8001)
INSERT [dbo].[Inventory] ([ItemID], [ItemDescription], [ItemType], [Quantity], [EquivalentValue], [SafeHouseID]) VALUES (10084, N'5 Gallon Buckets', N'Container', 88, 1, 8005)
INSERT [dbo].[Inventory] ([ItemID], [ItemDescription], [ItemType], [Quantity], [EquivalentValue], [SafeHouseID]) VALUES (10085, N'55 Gallon Drums', N'Container', 12, 24, 8005)
INSERT [dbo].[Inventory] ([ItemID], [ItemDescription], [ItemType], [Quantity], [EquivalentValue], [SafeHouseID]) VALUES (10086, N'Can Opener', N'Cooking', 30, 1, 8001)
INSERT [dbo].[Inventory] ([ItemID], [ItemDescription], [ItemType], [Quantity], [EquivalentValue], [SafeHouseID]) VALUES (10087, N'Cast Iron Skillet', N'Cooking', 28, 8, 8002)
INSERT [dbo].[Inventory] ([ItemID], [ItemDescription], [ItemType], [Quantity], [EquivalentValue], [SafeHouseID]) VALUES (10088, N'Cast Iron Pot', N'Cooking', 18, 6, 8003)
INSERT [dbo].[Inventory] ([ItemID], [ItemDescription], [ItemType], [Quantity], [EquivalentValue], [SafeHouseID]) VALUES (10089, N'Stainless Steel Skillet', N'Cooking', 20, 5, 8004)
INSERT [dbo].[Inventory] ([ItemID], [ItemDescription], [ItemType], [Quantity], [EquivalentValue], [SafeHouseID]) VALUES (10090, N'Stainless Steel Pot', N'Cooking', 15, 8, 8001)
INSERT [dbo].[Inventory] ([ItemID], [ItemDescription], [ItemType], [Quantity], [EquivalentValue], [SafeHouseID]) VALUES (10091, N'Plastic Dishware', N'Cooking', 44, 2, 8002)
INSERT [dbo].[Inventory] ([ItemID], [ItemDescription], [ItemType], [Quantity], [EquivalentValue], [SafeHouseID]) VALUES (10092, N'Camp Stove', N'Cooking', 3, 30, 8003)
INSERT [dbo].[Inventory] ([ItemID], [ItemDescription], [ItemType], [Quantity], [EquivalentValue], [SafeHouseID]) VALUES (10093, N'Electric Hotplate', N'Cooking', 2, 10, 8004)
INSERT [dbo].[Inventory] ([ItemID], [ItemDescription], [ItemType], [Quantity], [EquivalentValue], [SafeHouseID]) VALUES (10094, N'Mr. Coffee Coffemaker', N'Cooking', 8, 6, 8004)
INSERT [dbo].[Inventory] ([ItemID], [ItemDescription], [ItemType], [Quantity], [EquivalentValue], [SafeHouseID]) VALUES (10095, N'Ninja Blender', N'Cooking', 4, 22, 8003)
INSERT [dbo].[Inventory] ([ItemID], [ItemDescription], [ItemType], [Quantity], [EquivalentValue], [SafeHouseID]) VALUES (10096, N'Shamwow towels', N'Equipment', 33, 5, 8002)
INSERT [dbo].[Inventory] ([ItemID], [ItemDescription], [ItemType], [Quantity], [EquivalentValue], [SafeHouseID]) VALUES (10097, N'Camping Folding Chairs', N'Furniture', 23, 4, 8001)
INSERT [dbo].[Inventory] ([ItemID], [ItemDescription], [ItemType], [Quantity], [EquivalentValue], [SafeHouseID]) VALUES (10098, N'Thermometer ', N'Tools', 5, 2, 8002)
GO
INSERT [dbo].[Inventory] ([ItemID], [ItemDescription], [ItemType], [Quantity], [EquivalentValue], [SafeHouseID]) VALUES (10099, N'Tweezers', N'Tools', 38, 1, 8001)
INSERT [dbo].[Inventory] ([ItemID], [ItemDescription], [ItemType], [Quantity], [EquivalentValue], [SafeHouseID]) VALUES (10100, N'Plastic Jerry Can Gas Tank', N'Automotive', 20, 8, 8002)
INSERT [dbo].[Inventory] ([ItemID], [ItemDescription], [ItemType], [Quantity], [EquivalentValue], [SafeHouseID]) VALUES (10101, N'1lb propane tank', N'Fuel', 29, 3, 8002)
INSERT [dbo].[Inventory] ([ItemID], [ItemDescription], [ItemType], [Quantity], [EquivalentValue], [SafeHouseID]) VALUES (10102, N'5lb propane tank', N'Fuel', 15, 10, 8003)
INSERT [dbo].[Inventory] ([ItemID], [ItemDescription], [ItemType], [Quantity], [EquivalentValue], [SafeHouseID]) VALUES (10103, N'20lb propane tank', N'Fuel', 10, 11, 8004)
INSERT [dbo].[Inventory] ([ItemID], [ItemDescription], [ItemType], [Quantity], [EquivalentValue], [SafeHouseID]) VALUES (10104, N'Honda EU 1000I Generator', N'Energy', 4, 180, 8002)
INSERT [dbo].[Inventory] ([ItemID], [ItemDescription], [ItemType], [Quantity], [EquivalentValue], [SafeHouseID]) VALUES (10105, N'Honda EU 2200I Generator', N'Energy', 3, 250, 8001)
INSERT [dbo].[Inventory] ([ItemID], [ItemDescription], [ItemType], [Quantity], [EquivalentValue], [SafeHouseID]) VALUES (10106, N'Honda EU 3000I Generator', N'Energy', 0, 460, NULL)
INSERT [dbo].[Inventory] ([ItemID], [ItemDescription], [ItemType], [Quantity], [EquivalentValue], [SafeHouseID]) VALUES (10107, N'Honda EU 7000I Generator', N'Energy', 1, 860, 8005)
INSERT [dbo].[Inventory] ([ItemID], [ItemDescription], [ItemType], [Quantity], [EquivalentValue], [SafeHouseID]) VALUES (10108, N'Honda Push Lawnmower', N'Tools', 2, 104, 8005)
INSERT [dbo].[Inventory] ([ItemID], [ItemDescription], [ItemType], [Quantity], [EquivalentValue], [SafeHouseID]) VALUES (10109, N'Honda Self-Propelled Lawnmower', N'Tools', 0, 154, NULL)
INSERT [dbo].[Inventory] ([ItemID], [ItemDescription], [ItemType], [Quantity], [EquivalentValue], [SafeHouseID]) VALUES (10110, N'Ego Push Lawnmower', N'Tools', 0, 114, NULL)
INSERT [dbo].[Inventory] ([ItemID], [ItemDescription], [ItemType], [Quantity], [EquivalentValue], [SafeHouseID]) VALUES (10111, N'Ego Leafblower', N'Tools', 1, 50, 8002)
INSERT [dbo].[Inventory] ([ItemID], [ItemDescription], [ItemType], [Quantity], [EquivalentValue], [SafeHouseID]) VALUES (10112, N'Ego 7.5 Ah Lithium Battery', N'Energy', 4, 83, 8001)
INSERT [dbo].[Inventory] ([ItemID], [ItemDescription], [ItemType], [Quantity], [EquivalentValue], [SafeHouseID]) VALUES (10113, N'Ego 5.0 Lithium Battery', N'Energy', 6, 50, 8002)
INSERT [dbo].[Inventory] ([ItemID], [ItemDescription], [ItemType], [Quantity], [EquivalentValue], [SafeHouseID]) VALUES (10114, N'Ego 2.5 Lithium Battery', N'Energy', 10, 30, 8003)
INSERT [dbo].[Inventory] ([ItemID], [ItemDescription], [ItemType], [Quantity], [EquivalentValue], [SafeHouseID]) VALUES (10115, N'Ego Battery Recharger', N'Energy', 3, 20, 8004)
INSERT [dbo].[Inventory] ([ItemID], [ItemDescription], [ItemType], [Quantity], [EquivalentValue], [SafeHouseID]) VALUES (10116, N'Ego 14in Chainsaw', N'Tools', 8, 44, 8001)
INSERT [dbo].[Inventory] ([ItemID], [ItemDescription], [ItemType], [Quantity], [EquivalentValue], [SafeHouseID]) VALUES (10117, N'Ego Weedwhip ', N'Tools', 4, 49, 8002)
INSERT [dbo].[Inventory] ([ItemID], [ItemDescription], [ItemType], [Quantity], [EquivalentValue], [SafeHouseID]) VALUES (10118, N'Wheelbarrow', N'Tools', 3, 18, 8002)
INSERT [dbo].[Inventory] ([ItemID], [ItemDescription], [ItemType], [Quantity], [EquivalentValue], [SafeHouseID]) VALUES (10119, N'Rake', N'Tools', 22, 7, 8004)
INSERT [dbo].[Inventory] ([ItemID], [ItemDescription], [ItemType], [Quantity], [EquivalentValue], [SafeHouseID]) VALUES (10120, N'Snow Shovel', N'Tools', 18, 8, 8005)
INSERT [dbo].[Inventory] ([ItemID], [ItemDescription], [ItemType], [Quantity], [EquivalentValue], [SafeHouseID]) VALUES (10121, N'Glass Jar', N'Container', 110, 1, 8001)
INSERT [dbo].[Inventory] ([ItemID], [ItemDescription], [ItemType], [Quantity], [EquivalentValue], [SafeHouseID]) VALUES (10122, N'Mountain Bike', N'Vehicles', 8, 60, 8003)
INSERT [dbo].[Inventory] ([ItemID], [ItemDescription], [ItemType], [Quantity], [EquivalentValue], [SafeHouseID]) VALUES (10123, N'Road Bike', N'Vehicles', 4, 120, 8003)
INSERT [dbo].[Inventory] ([ItemID], [ItemDescription], [ItemType], [Quantity], [EquivalentValue], [SafeHouseID]) VALUES (10124, N'BMX Bike', N'Vehicles', 1, 36, 8001)
INSERT [dbo].[Inventory] ([ItemID], [ItemDescription], [ItemType], [Quantity], [EquivalentValue], [SafeHouseID]) VALUES (10125, N'Sewing Machine', N'Tools', 11, 28, 8003)
INSERT [dbo].[Inventory] ([ItemID], [ItemDescription], [ItemType], [Quantity], [EquivalentValue], [SafeHouseID]) VALUES (10126, N'Flint Starter', N'Equipment', 21, 2, 8002)
INSERT [dbo].[Inventory] ([ItemID], [ItemDescription], [ItemType], [Quantity], [EquivalentValue], [SafeHouseID]) VALUES (10127, N'Hatchet', N'Tools', 8, 4, 8001)
INSERT [dbo].[Inventory] ([ItemID], [ItemDescription], [ItemType], [Quantity], [EquivalentValue], [SafeHouseID]) VALUES (10128, N'Compass', N'Equipment', 9, 2, 8002)
INSERT [dbo].[Inventory] ([ItemID], [ItemDescription], [ItemType], [Quantity], [EquivalentValue], [SafeHouseID]) VALUES (10129, N'Monopoly Board Game', N'Recreation', 3, 4, 8001)
INSERT [dbo].[Inventory] ([ItemID], [ItemDescription], [ItemType], [Quantity], [EquivalentValue], [SafeHouseID]) VALUES (10130, N'Settlers of Catan Board Game', N'Recreation', 1, 7, 8003)
INSERT [dbo].[Inventory] ([ItemID], [ItemDescription], [ItemType], [Quantity], [EquivalentValue], [SafeHouseID]) VALUES (10131, N'UNO Card Game', N'Recreation', 4, 1, 8004)
INSERT [dbo].[Inventory] ([ItemID], [ItemDescription], [ItemType], [Quantity], [EquivalentValue], [SafeHouseID]) VALUES (10132, N'Deck of Playing Cards', N'Recreation', 25, 1, 8005)
INSERT [dbo].[Inventory] ([ItemID], [ItemDescription], [ItemType], [Quantity], [EquivalentValue], [SafeHouseID]) VALUES (10133, N'Phase 10 Card Came', N'Recreation', 2, 2, 8001)
INSERT [dbo].[Inventory] ([ItemID], [ItemDescription], [ItemType], [Quantity], [EquivalentValue], [SafeHouseID]) VALUES (10134, N'Sorry Board Game', N'Recreation', 3, 4, 8002)
INSERT [dbo].[Inventory] ([ItemID], [ItemDescription], [ItemType], [Quantity], [EquivalentValue], [SafeHouseID]) VALUES (10135, N'Ticket to Ride Board Game', N'Recreation', 2, 7, 8003)
INSERT [dbo].[Inventory] ([ItemID], [ItemDescription], [ItemType], [Quantity], [EquivalentValue], [SafeHouseID]) VALUES (10136, N'Fishing Pole', N'Fishing', 8, 16, 8003)
INSERT [dbo].[Inventory] ([ItemID], [ItemDescription], [ItemType], [Quantity], [EquivalentValue], [SafeHouseID]) VALUES (10137, N'Fishing Reel', N'Fishing', 12, 13, 8003)
INSERT [dbo].[Inventory] ([ItemID], [ItemDescription], [ItemType], [Quantity], [EquivalentValue], [SafeHouseID]) VALUES (10138, N'Minnow Trap', N'Fishing', 10, 6, 8003)
INSERT [dbo].[Inventory] ([ItemID], [ItemDescription], [ItemType], [Quantity], [EquivalentValue], [SafeHouseID]) VALUES (10139, N'Fishing Net', N'Fishing', 5, 8, 8003)
INSERT [dbo].[Inventory] ([ItemID], [ItemDescription], [ItemType], [Quantity], [EquivalentValue], [SafeHouseID]) VALUES (10140, N'Fishing Tacklebox', N'Fishing', 7, 7, 8003)
INSERT [dbo].[Inventory] ([ItemID], [ItemDescription], [ItemType], [Quantity], [EquivalentValue], [SafeHouseID]) VALUES (10141, N'Small Animal Live Trap', N'Trapping', 19, 6, 8004)
INSERT [dbo].[Inventory] ([ItemID], [ItemDescription], [ItemType], [Quantity], [EquivalentValue], [SafeHouseID]) VALUES (10142, N'Medium Animal Live Trap', N'Trapping', 11, 13, 8001)
INSERT [dbo].[Inventory] ([ItemID], [ItemDescription], [ItemType], [Quantity], [EquivalentValue], [SafeHouseID]) VALUES (10143, N'Large Animal Live Trap', N'Trapping', 4, 30, 8004)
INSERT [dbo].[Inventory] ([ItemID], [ItemDescription], [ItemType], [Quantity], [EquivalentValue], [SafeHouseID]) VALUES (10144, N'Bear Trap', N'Trapping', 6, 70, 8005)
INSERT [dbo].[Inventory] ([ItemID], [ItemDescription], [ItemType], [Quantity], [EquivalentValue], [SafeHouseID]) VALUES (10145, N'Mouse Trap', N'Trapping', 77, 1, 8002)
INSERT [dbo].[Inventory] ([ItemID], [ItemDescription], [ItemType], [Quantity], [EquivalentValue], [SafeHouseID]) VALUES (10146, N'Fillet Knife', N'Tools', 12, 6, 8003)
INSERT [dbo].[Inventory] ([ItemID], [ItemDescription], [ItemType], [Quantity], [EquivalentValue], [SafeHouseID]) VALUES (10147, N'9qt Chest Cooler', N'Equipment', 14, 2, 8001)
INSERT [dbo].[Inventory] ([ItemID], [ItemDescription], [ItemType], [Quantity], [EquivalentValue], [SafeHouseID]) VALUES (10148, N'16qt Chest Cooler', N'Equipment', 10, 4, 8002)
INSERT [dbo].[Inventory] ([ItemID], [ItemDescription], [ItemType], [Quantity], [EquivalentValue], [SafeHouseID]) VALUES (10149, N'38qt Chest Rolling Coooler ', N'Equipment', 4, 7, 8003)
INSERT [dbo].[Inventory] ([ItemID], [ItemDescription], [ItemType], [Quantity], [EquivalentValue], [SafeHouseID]) VALUES (10150, N'70qt Chest Rolling Cooler', N'Equipment', 1, 18, 8005)
INSERT [dbo].[Inventory] ([ItemID], [ItemDescription], [ItemType], [Quantity], [EquivalentValue], [SafeHouseID]) VALUES (10151, N'Crutches pair', N'Medical', 8, 8, 8003)
INSERT [dbo].[Inventory] ([ItemID], [ItemDescription], [ItemType], [Quantity], [EquivalentValue], [SafeHouseID]) VALUES (10152, N'Walking Boot', N'Medical', 5, 14, 8003)
INSERT [dbo].[Inventory] ([ItemID], [ItemDescription], [ItemType], [Quantity], [EquivalentValue], [SafeHouseID]) VALUES (10153, N'Arm Sling Immobilizer', N'Medical', 8, 7, 8003)
INSERT [dbo].[Inventory] ([ItemID], [ItemDescription], [ItemType], [Quantity], [EquivalentValue], [SafeHouseID]) VALUES (10154, N'Ankle Brace', N'Medical', 11, 7, 8003)
INSERT [dbo].[Inventory] ([ItemID], [ItemDescription], [ItemType], [Quantity], [EquivalentValue], [SafeHouseID]) VALUES (10155, N'Wrist Brace', N'Medical', 4, 5, 8003)
INSERT [dbo].[Inventory] ([ItemID], [ItemDescription], [ItemType], [Quantity], [EquivalentValue], [SafeHouseID]) VALUES (10156, N'Hinged Knee Brace', N'Medical', 6, 23, 8003)
INSERT [dbo].[Inventory] ([ItemID], [ItemDescription], [ItemType], [Quantity], [EquivalentValue], [SafeHouseID]) VALUES (10157, N'Digital Blood Pressure Device', N'Medical', 3, 184, 8003)
INSERT [dbo].[Inventory] ([ItemID], [ItemDescription], [ItemType], [Quantity], [EquivalentValue], [SafeHouseID]) VALUES (10158, N'Manual Blood Pressure Cuff', N'Medical', 5, 11, 8003)
INSERT [dbo].[Inventory] ([ItemID], [ItemDescription], [ItemType], [Quantity], [EquivalentValue], [SafeHouseID]) VALUES (10159, N'Nebulizer System', N'Medical', 2, 6, 8003)
INSERT [dbo].[Inventory] ([ItemID], [ItemDescription], [ItemType], [Quantity], [EquivalentValue], [SafeHouseID]) VALUES (10160, N'EMT Backboard ', N'Medical', 5, 52, 8003)
INSERT [dbo].[Inventory] ([ItemID], [ItemDescription], [ItemType], [Quantity], [EquivalentValue], [SafeHouseID]) VALUES (10161, N'SAM Splint', N'Medical', 11, 3, 8003)
INSERT [dbo].[Inventory] ([ItemID], [ItemDescription], [ItemType], [Quantity], [EquivalentValue], [SafeHouseID]) VALUES (10162, N'Vacuum Splint ', N'Medical', 6, 133, 8003)
INSERT [dbo].[Inventory] ([ItemID], [ItemDescription], [ItemType], [Quantity], [EquivalentValue], [SafeHouseID]) VALUES (10163, N'Finger Splint', N'Medical', 19, 2, 8003)
INSERT [dbo].[Inventory] ([ItemID], [ItemDescription], [ItemType], [Quantity], [EquivalentValue], [SafeHouseID]) VALUES (10164, N'Pulse Oximeter', N'Medical', 4, 177, 8003)
INSERT [dbo].[Inventory] ([ItemID], [ItemDescription], [ItemType], [Quantity], [EquivalentValue], [SafeHouseID]) VALUES (10165, N'Heat Index Tracker', N'Medical', 2, 14, 8003)
INSERT [dbo].[Inventory] ([ItemID], [ItemDescription], [ItemType], [Quantity], [EquivalentValue], [SafeHouseID]) VALUES (10166, N'Stationary Bike', N'Exercise', 4, 799, 8002)
INSERT [dbo].[Inventory] ([ItemID], [ItemDescription], [ItemType], [Quantity], [EquivalentValue], [SafeHouseID]) VALUES (10167, N'Treadmill', N'Exercise', 2, 1599, 8001)
INSERT [dbo].[Inventory] ([ItemID], [ItemDescription], [ItemType], [Quantity], [EquivalentValue], [SafeHouseID]) VALUES (10168, N'Eliptical', N'Exercise', 3, 1279, 8003)
INSERT [dbo].[Inventory] ([ItemID], [ItemDescription], [ItemType], [Quantity], [EquivalentValue], [SafeHouseID]) VALUES (10169, N'Stairmaster', N'Exercise', 1, 1921, 8004)
INSERT [dbo].[Inventory] ([ItemID], [ItemDescription], [ItemType], [Quantity], [EquivalentValue], [SafeHouseID]) VALUES (10170, N'Dumbbell Set', N'Exercise', 4, 219, 8004)
INSERT [dbo].[Inventory] ([ItemID], [ItemDescription], [ItemType], [Quantity], [EquivalentValue], [SafeHouseID]) VALUES (10171, N'Barbell Free Weight Set', N'Exercise', 3, 325, 8004)
INSERT [dbo].[Inventory] ([ItemID], [ItemDescription], [ItemType], [Quantity], [EquivalentValue], [SafeHouseID]) VALUES (10172, N'1/2" x 4'' x 6'' Rubber Mat', N'Exercise', 35, 16, 8002)
INSERT [dbo].[Inventory] ([ItemID], [ItemDescription], [ItemType], [Quantity], [EquivalentValue], [SafeHouseID]) VALUES (10173, N'Squat Rack', N'Exercise', 4, 149, 8001)
INSERT [dbo].[Inventory] ([ItemID], [ItemDescription], [ItemType], [Quantity], [EquivalentValue], [SafeHouseID]) VALUES (10174, N'Bench Press Bench', N'Exercise', 3, 40, 8002)
INSERT [dbo].[Inventory] ([ItemID], [ItemDescription], [ItemType], [Quantity], [EquivalentValue], [SafeHouseID]) VALUES (10175, N'Bowflex Cable Machine', N'Exercise', 2, 298, 8002)
INSERT [dbo].[Inventory] ([ItemID], [ItemDescription], [ItemType], [Quantity], [EquivalentValue], [SafeHouseID]) VALUES (10176, N'M1 Abrams Tank', N'Military Vehicle', 10, 1242000, 8004)
INSERT [dbo].[Inventory] ([ItemID], [ItemDescription], [ItemType], [Quantity], [EquivalentValue], [SafeHouseID]) VALUES (10177, N'M2 Bradley ', N'Military Vehicle', 15, 633200, 8004)
INSERT [dbo].[Inventory] ([ItemID], [ItemDescription], [ItemType], [Quantity], [EquivalentValue], [SafeHouseID]) VALUES (10178, N'Humvee', N'Military Vehicle', 50, 44000, 8002)
INSERT [dbo].[Inventory] ([ItemID], [ItemDescription], [ItemType], [Quantity], [EquivalentValue], [SafeHouseID]) VALUES (10179, N'Military Transport Truck', N'Military Vehicle', 50, 34000, 8003)
INSERT [dbo].[Inventory] ([ItemID], [ItemDescription], [ItemType], [Quantity], [EquivalentValue], [SafeHouseID]) VALUES (10180, N'M16', N'Rifle', 220, 140, 8004)
INSERT [dbo].[Inventory] ([ItemID], [ItemDescription], [ItemType], [Quantity], [EquivalentValue], [SafeHouseID]) VALUES (10181, N'AK-47', N'Rifle', 450, 160, 8005)
INSERT [dbo].[Inventory] ([ItemID], [ItemDescription], [ItemType], [Quantity], [EquivalentValue], [SafeHouseID]) VALUES (10182, N'Steyr AUG', N'Rifle', 45, 410, 8004)
INSERT [dbo].[Inventory] ([ItemID], [ItemDescription], [ItemType], [Quantity], [EquivalentValue], [SafeHouseID]) VALUES (10183, N'FN SCAR', N'Rifle', 25, 580, 8003)
INSERT [dbo].[Inventory] ([ItemID], [ItemDescription], [ItemType], [Quantity], [EquivalentValue], [SafeHouseID]) VALUES (10184, N'M4 Carbine', N'Rifle', 325, 194, 8000)
INSERT [dbo].[Inventory] ([ItemID], [ItemDescription], [ItemType], [Quantity], [EquivalentValue], [SafeHouseID]) VALUES (10185, N'Beretta M9', N'Pistol', 275, 120, 8004)
INSERT [dbo].[Inventory] ([ItemID], [ItemDescription], [ItemType], [Quantity], [EquivalentValue], [SafeHouseID]) VALUES (10186, N'GLOCK 19', N'Pistol', 250, 111, 8005)
INSERT [dbo].[Inventory] ([ItemID], [ItemDescription], [ItemType], [Quantity], [EquivalentValue], [SafeHouseID]) VALUES (10187, N'Sig Sauer p320', N'Pistol', 45, 100, 8004)
INSERT [dbo].[Inventory] ([ItemID], [ItemDescription], [ItemType], [Quantity], [EquivalentValue], [SafeHouseID]) VALUES (10188, N'Sig Sauer M17', N'Pistol', 170, 136, 8002)
INSERT [dbo].[Inventory] ([ItemID], [ItemDescription], [ItemType], [Quantity], [EquivalentValue], [SafeHouseID]) VALUES (10189, N'5.56 Ammo (1000rds)', N'Ammo', 200, 60, 8004)
INSERT [dbo].[Inventory] ([ItemID], [ItemDescription], [ItemType], [Quantity], [EquivalentValue], [SafeHouseID]) VALUES (10190, N'9mm Ammo (1000rds)', N'Ammo', 750, 66, 8004)
INSERT [dbo].[Inventory] ([ItemID], [ItemDescription], [ItemType], [Quantity], [EquivalentValue], [SafeHouseID]) VALUES (10191, N'7.62 Ammo(1000rds)', N'Ammo', 320, 80, 8005)
SET IDENTITY_INSERT [dbo].[Inventory] OFF
GO
SET IDENTITY_INSERT [dbo].[PowerSources] ON 

INSERT [dbo].[PowerSources] ([PowerSourcesID], [SourceName], [SourceType], [ProductionCapacity], [SafeHouseID]) VALUES (4000, N' m20 Micro powerplant', N'Nuclear', N'2450kwh', 8004)
INSERT [dbo].[PowerSources] ([PowerSourcesID], [SourceName], [SourceType], [ProductionCapacity], [SafeHouseID]) VALUES (4001, N'water powered generator', N'Hydro-Electric', N'1500kwh', 8005)
INSERT [dbo].[PowerSources] ([PowerSourcesID], [SourceName], [SourceType], [ProductionCapacity], [SafeHouseID]) VALUES (4002, N'Diesel generators/Solar battery', N'Diesel/Solar', N'750khw', 8003)
INSERT [dbo].[PowerSources] ([PowerSourcesID], [SourceName], [SourceType], [ProductionCapacity], [SafeHouseID]) VALUES (4003, N'Solar battery', N'Solar', N'400kwh', 8002)
INSERT [dbo].[PowerSources] ([PowerSourcesID], [SourceName], [SourceType], [ProductionCapacity], [SafeHouseID]) VALUES (4004, N'Solar battery', N'Solar', N'400kwh', 8000)
INSERT [dbo].[PowerSources] ([PowerSourcesID], [SourceName], [SourceType], [ProductionCapacity], [SafeHouseID]) VALUES (4005, N'Solar battery', N'Solar', N'400kwh', 8001)
SET IDENTITY_INSERT [dbo].[PowerSources] OFF
GO
INSERT [dbo].[SafeHouseLocations] ([LocationID], [SafehouseID]) VALUES (1, 8001)
INSERT [dbo].[SafeHouseLocations] ([LocationID], [SafehouseID]) VALUES (2, 8002)
INSERT [dbo].[SafeHouseLocations] ([LocationID], [SafehouseID]) VALUES (3, 8003)
INSERT [dbo].[SafeHouseLocations] ([LocationID], [SafehouseID]) VALUES (2, 8004)
INSERT [dbo].[SafeHouseLocations] ([LocationID], [SafehouseID]) VALUES (7, 8005)
INSERT [dbo].[SafeHouseLocations] ([LocationID], [SafehouseID]) VALUES (6, 8000)
GO
SET IDENTITY_INSERT [dbo].[Jobs] ON 

INSERT [dbo].[Jobs] ([JobsID], [JobsName], [JobsDescription]) VALUES (1, N'soldier', N'Apart of a military organization,')
INSERT [dbo].[Jobs] ([JobsID], [JobsName], [JobsDescription]) VALUES (2, N'electrician', N'zone electrician')
INSERT [dbo].[Jobs] ([JobsID], [JobsName], [JobsDescription]) VALUES (3, N'Construction', N'Zone Construction worker')
INSERT [dbo].[Jobs] ([JobsID], [JobsName], [JobsDescription]) VALUES (4, N'Police Officer', N'Zone police')
INSERT [dbo].[Jobs] ([JobsID], [JobsName], [JobsDescription]) VALUES (5, N'Farmer', N'Zone farmer')
INSERT [dbo].[Jobs] ([JobsID], [JobsName], [JobsDescription]) VALUES (6, N'Goverment Worker', N'outside goverment offcial')
INSERT [dbo].[Jobs] ([JobsID], [JobsName], [JobsDescription]) VALUES (7, N'Merchant', N'Traveling zone merchant')
INSERT [dbo].[Jobs] ([JobsID], [JobsName], [JobsDescription]) VALUES (8, N'Water Treatment', N'Treatment plant worker')
INSERT [dbo].[Jobs] ([JobsID], [JobsName], [JobsDescription]) VALUES (9, N'Nuclear engineer', N'operates m54 reactor')
INSERT [dbo].[Jobs] ([JobsID], [JobsName], [JobsDescription]) VALUES (10, N'Teacher', N'k-12 teacher')
INSERT [dbo].[Jobs] ([JobsID], [JobsName], [JobsDescription]) VALUES (11, N'Medic', N'medic for fighting units')
INSERT [dbo].[Jobs] ([JobsID], [JobsName], [JobsDescription]) VALUES (12, N'Docter', N'Hospital worker')
INSERT [dbo].[Jobs] ([JobsID], [JobsName], [JobsDescription]) VALUES (13, N'nurse', N'Hospital worker')
INSERT [dbo].[Jobs] ([JobsID], [JobsName], [JobsDescription]) VALUES (14, N'plumber', N' works on all the plumbing')
INSERT [dbo].[Jobs] ([JobsID], [JobsName], [JobsDescription]) VALUES (15, N'IT staff', N'Works on all remaining working digital technology')
INSERT [dbo].[Jobs] ([JobsID], [JobsName], [JobsDescription]) VALUES (16, N'Janitor', N'General purpose cleaner')
INSERT [dbo].[Jobs] ([JobsID], [JobsName], [JobsDescription]) VALUES (17, N'HVAC', N' Heating, ventilation, and air conditioning worker')
INSERT [dbo].[Jobs] ([JobsID], [JobsName], [JobsDescription]) VALUES (18, N'Butcher', N'Handles all meat')
SET IDENTITY_INSERT [dbo].[Jobs] OFF
GO
INSERT [dbo].[MembersJob] ([MemberID], [JobsID]) VALUES (1009, 1)
INSERT [dbo].[MembersJob] ([MemberID], [JobsID]) VALUES (1005, 2)
INSERT [dbo].[MembersJob] ([MemberID], [JobsID]) VALUES (1006, 3)
INSERT [dbo].[MembersJob] ([MemberID], [JobsID]) VALUES (1041, 4)
INSERT [dbo].[MembersJob] ([MemberID], [JobsID]) VALUES (1036, 8)
INSERT [dbo].[MembersJob] ([MemberID], [JobsID]) VALUES (1024, 4)
INSERT [dbo].[MembersJob] ([MemberID], [JobsID]) VALUES (1044, 2)
INSERT [dbo].[MembersJob] ([MemberID], [JobsID]) VALUES (1055, 4)
INSERT [dbo].[MembersJob] ([MemberID], [JobsID]) VALUES (1059, 4)
INSERT [dbo].[MembersJob] ([MemberID], [JobsID]) VALUES (1039, 7)
INSERT [dbo].[MembersJob] ([MemberID], [JobsID]) VALUES (1020, 5)
INSERT [dbo].[MembersJob] ([MemberID], [JobsID]) VALUES (1007, 6)
GO
INSERT [dbo].[RaidLocations] ([LocationID], [RaidID]) VALUES (1, 5001)
INSERT [dbo].[RaidLocations] ([LocationID], [RaidID]) VALUES (1, 5002)
INSERT [dbo].[RaidLocations] ([LocationID], [RaidID]) VALUES (2, 5003)
INSERT [dbo].[RaidLocations] ([LocationID], [RaidID]) VALUES (2, 5004)
INSERT [dbo].[RaidLocations] ([LocationID], [RaidID]) VALUES (2, 5005)
INSERT [dbo].[RaidLocations] ([LocationID], [RaidID]) VALUES (6, 5006)
INSERT [dbo].[RaidLocations] ([LocationID], [RaidID]) VALUES (6, 5008)
INSERT [dbo].[RaidLocations] ([LocationID], [RaidID]) VALUES (6, 5009)
INSERT [dbo].[RaidLocations] ([LocationID], [RaidID]) VALUES (3, 5011)
INSERT [dbo].[RaidLocations] ([LocationID], [RaidID]) VALUES (4, 5012)
INSERT [dbo].[RaidLocations] ([LocationID], [RaidID]) VALUES (4, 5013)
INSERT [dbo].[RaidLocations] ([LocationID], [RaidID]) VALUES (5, 5015)
INSERT [dbo].[RaidLocations] ([LocationID], [RaidID]) VALUES (7, 5016)
INSERT [dbo].[RaidLocations] ([LocationID], [RaidID]) VALUES (7, 5018)
GO

